n, time_ns, comparisons, allocations, max_recursion_depth
20, 27000, 67, 71, 2
30, 18900, 107, 87, 3
40, 55800, 189, 155, 3
50, 65600, 266, 203, 3
60, 48800, 274, 206, 4
70, 39000, 453, 309, 3
80, 50100, 432, 304, 4
90, 49800, 474, 354, 4
100, 50400, 738, 465, 4
110, 53800, 669, 411, 5
120, 81100, 784, 536, 5
130, 63700, 935, 695, 4
140, 232200, 985, 717, 5
150, 65100, 1071, 803, 5
160, 118700, 1190, 840, 4
170, 53600, 1344, 996, 4
180, 58300, 1394, 1010, 5
190, 58600, 1306, 954, 5
200, 64900, 1615, 1056, 5
210, 72000, 1490, 1001, 5
220, 97300, 1618, 1103, 5
230, 76500, 2019, 1406, 4
240, 111200, 2114, 1410, 5
250, 61700, 1879, 1277, 5
260, 47600, 2211, 1517, 4
270, 77300, 2362, 1507, 4
280, 37500, 2584, 1703, 5
290, 30200, 2285, 1602, 5
300, 32100, 2458, 1704, 5
310, 34500, 2761, 2059, 5
320, 33400, 2550, 1720, 6
330, 35500, 2818, 1744, 5
340, 41400, 2983, 2003, 6
350, 38100, 2995, 1751, 5
360, 38300, 3084, 1974, 5
370, 42300, 3143, 2267, 6
380, 41300, 3640, 2033, 5
390, 39700, 3262, 2142, 6
400, 57300, 3428, 2211, 5
410, 42700, 3737, 2067, 5
420, 43800, 3864, 2382, 5
430, 45100, 3876, 2490, 5
440, 47200, 3904, 2879, 6
450, 73000, 3923, 2466, 6
460, 48300, 4499, 2503, 5
470, 51800, 4849, 3122, 6
480, 58400, 4634, 2662, 6
490, 55500, 5146, 3592, 5
500, 51900, 4410, 2745, 6
510, 62600, 4612, 3098, 6
520, 55800, 4587, 3150, 5
530, 57500, 4779, 3269, 6
540, 61900, 5512, 3575, 6
550, 57700, 5055, 3184, 7
560, 72300, 5845, 3774, 5
570, 62100, 5516, 3446, 6
580, 63800, 5764, 3760, 6
590, 65300, 5925, 3720, 6
600, 99700, 6505, 4315, 6
610, 120500, 6038, 3972, 5
620, 86000, 5794, 3364, 6
630, 101800, 6525, 3991, 5
640, 110600, 6653, 3938, 6
650, 109700, 6423, 4140, 6
660, 113700, 6721, 4175, 6
670, 116300, 6505, 4150, 5
680, 122100, 7124, 4324, 6
690, 120900, 7073, 5196, 5
700, 101500, 6832, 3914, 6
710, 125600, 7473, 3968, 6
720, 117200, 6886, 4645, 6
730, 127900, 7517, 5059, 6
740, 127700, 7567, 4798, 5
750, 129800, 7865, 4248, 6
760, 131400, 7534, 4857, 6
770, 138500, 8128, 5745, 5
780, 133300, 7694, 4947, 6
790, 141900, 8288, 5386, 6
800, 99800, 8178, 4732, 5
810, 72400, 9104, 5086, 6
820, 72100, 8204, 5437, 6
830, 74300, 8494, 5628, 6
840, 73700, 9286, 5964, 6
850, 89700, 9106, 5846, 6
860, 73600, 8768, 5352, 6
870, 82800, 8382, 5294, 7
880, 77200, 10386, 6697, 6
890, 77600, 9187, 6012, 6
900, 80100, 10224, 6983, 6
910, 79200, 10041, 6669, 6
920, 83200, 10691, 6152, 7
930, 83500, 9677, 6283, 6
940, 81200, 9905, 6349, 6
950, 85900, 10319, 6896, 6
960, 83000, 11427, 6989, 6
970, 87000, 11085, 6589, 6
980, 85900, 10996, 6787, 6
990, 98600, 11183, 6748, 6
1000, 91500, 10055, 6274, 7
1010, 90400, 10555, 6827, 7
1020, 93900, 13451, 8153, 6
1030, 95100, 11018, 7377, 6
1040, 93600, 10962, 7633, 6
1050, 92500, 10330, 6491, 6
1060, 94500, 11447, 6961, 6
1070, 95900, 12347, 7255, 6
1080, 93700, 11679, 6811, 6
1090, 99000, 11341, 7418, 6
1100, 99000, 12220, 7224, 7
1110, 100700, 12523, 8420, 6
1120, 100000, 12696, 7538, 6
1130, 102000, 12219, 7014, 6
1140, 112800, 12152, 8003, 6
1150, 105600, 14032, 8960, 6
1160, 104800, 12479, 8250, 6
1170, 98100, 12888, 7717, 7
1180, 105500, 13969, 7433, 6
1190, 104700, 13172, 8405, 6
1200, 107200, 14497, 8991, 7
1210, 99100, 12914, 8054, 6
1220, 99200, 15711, 8689, 6
1230, 99800, 15283, 9020, 7
1240, 106900, 14384, 8625, 7
1250, 111400, 14689, 9806, 6
1260, 96300, 15825, 9750, 6
1270, 105300, 14192, 8441, 6
1280, 108800, 15611, 10113, 6
1290, 145900, 13851, 9025, 7
1300, 112800, 14171, 9433, 7
1310, 113000, 14330, 8908, 6
1320, 114600, 14460, 8722, 6
1330, 116200, 14020, 9439, 7
1340, 118300, 15025, 9381, 7
1350, 116400, 15629, 10665, 6
1360, 108000, 16103, 10267, 7
1370, 110800, 16938, 9793, 6
1380, 124800, 16982, 10586, 6
1390, 122700, 16079, 10048, 7
1400, 126200, 17318, 10443, 7
1410, 128400, 15839, 10377, 6
1420, 138000, 15957, 9884, 7
1430, 128100, 16410, 10200, 7
1440, 131400, 16845, 10007, 6
1450, 131500, 16850, 9727, 7
1460, 133600, 15818, 9690, 7
1470, 149100, 16407, 10942, 7
1480, 126500, 16813, 10764, 8
1490, 127200, 16660, 10905, 7
1500, 129000, 17913, 11858, 7
1510, 128300, 16733, 9212, 7
1520, 130300, 17287, 9850, 7
1530, 129100, 17465, 10145, 7
1540, 141000, 18482, 10739, 6
1550, 122000, 17417, 10079, 7
1560, 122200, 18667, 12237, 6
1570, 132600, 19117, 11033, 7
1580, 132600, 18310, 10888, 7
1590, 136900, 20274, 12410, 7
1600, 136400, 17682, 10238, 6
1610, 136900, 18150, 11441, 7
1620, 142000, 19138, 11824, 6
1630, 142000, 18502, 11860, 7
1640, 144100, 20048, 11880, 7
1650, 144900, 20552, 11965, 7
1660, 144000, 19951, 11643, 7
1670, 146100, 18918, 12326, 6
1680, 144400, 19266, 12538, 6
1690, 126500, 19401, 11427, 7
1700, 141700, 21469, 14105, 6
1710, 164000, 20779, 14020, 6
1720, 144800, 19624, 12120, 7
1730, 144300, 20722, 13300, 7
1740, 144400, 21006, 14429, 6
1750, 145600, 19932, 12407, 7
1760, 147200, 23043, 12117, 7
1770, 132400, 21109, 12713, 6
1780, 139100, 20493, 12487, 7
1790, 155600, 25209, 18116, 7
1800, 151100, 21077, 12935, 7
1810, 158700, 22271, 14415, 6
1820, 157300, 23379, 13392, 7
1830, 155800, 22166, 13270, 7
1840, 160800, 21512, 14257, 7
1850, 164800, 22306, 13160, 7
1860, 163500, 23740, 16554, 7
1870, 157700, 25000, 13747, 6
1880, 156700, 24169, 13632, 7
1890, 159500, 25032, 14210, 7
1900, 165600, 24124, 13504, 6
1910, 213400, 24153, 14031, 7
1920, 211800, 23145, 14634, 7
1930, 170900, 23556, 14851, 7
1940, 167600, 22846, 14410, 7
1950, 141700, 24867, 15043, 7
1960, 155800, 23182, 13256, 7
1970, 139400, 23071, 14221, 7
1980, 132800, 23618, 14315, 7
1990, 132900, 24940, 14673, 7
2000, 127800, 26821, 14297, 6
2010, 144000, 23303, 14445, 7
2020, 131600, 24865, 14996, 7
2030, 133800, 25710, 14508, 7
2040, 139700, 25366, 14371, 8
2050, 164600, 25653, 15947, 7
2060, 143600, 24197, 14068, 7
2070, 133600, 26784, 13742, 7
2080, 157100, 29191, 17488, 7
2090, 452400, 24856, 16367, 7
2100, 212000, 26447, 17796, 6
2110, 179500, 27187, 18361, 8
2120, 168500, 27369, 17485, 7
2130, 167600, 27119, 14455, 7
2140, 147400, 25733, 15089, 7
2150, 188900, 26311, 17496, 7
2160, 178700, 27044, 16735, 6
2170, 164600, 27188, 16443, 6
2180, 152300, 28486, 18236, 6
2190, 166700, 26512, 16229, 7
2200, 176600, 25340, 15992, 7
2210, 193300, 29962, 17278, 7
2220, 181900, 29123, 17218, 7
2230, 189300, 26896, 15457, 7
2240, 270000, 27604, 17113, 8
2250, 213700, 29272, 17882, 6
2260, 210600, 30725, 19748, 6
2270, 164500, 28814, 18180, 7
2280, 161200, 26502, 16075, 8
2290, 159400, 27434, 16752, 7
2300, 155500, 30157, 19665, 7
2310, 170300, 27874, 17099, 7
2320, 260800, 29256, 19530, 7
2330, 164600, 30615, 18679, 7
2340, 176400, 29716, 19374, 7
2350, 154700, 29465, 18394, 7
2360, 170500, 27788, 16919, 7
2370, 153100, 30124, 16879, 7
2380, 177800, 29894, 19475, 7
2390, 159400, 29761, 16514, 6
2400, 170100, 28796, 18401, 7
2410, 162100, 29193, 18363, 8
2420, 160200, 29638, 18443, 7
2430, 163300, 29964, 18707, 7
2440, 163100, 30925, 19295, 8
2450, 163700, 32584, 21012, 7
2460, 162600, 31135, 18706, 7
2470, 168600, 32888, 19927, 7
2480, 164000, 31261, 20714, 7
2490, 163500, 32283, 18900, 7
2500, 170600, 33492, 21108, 7
2510, 172200, 31128, 18798, 7
2520, 165000, 35364, 18958, 7
2530, 170000, 31864, 17373, 7
2540, 172500, 33097, 18043, 7
2550, 171600, 33181, 19871, 7
2560, 170600, 31862, 19444, 7
2570, 185800, 31433, 20390, 7
2580, 239700, 31875, 20405, 8
2590, 223500, 33028, 21532, 7
2600, 230200, 34005, 21720, 7
2610, 226800, 32530, 19579, 8
2620, 238900, 33054, 19334, 7
2630, 238200, 34519, 22314, 8
2640, 222200, 35429, 21174, 7
2650, 217500, 33995, 18977, 7
2660, 220700, 34590, 21974, 7
2670, 203300, 34240, 22653, 7
2680, 203600, 35024, 21453, 8
2690, 186800, 36994, 22306, 7
2700, 203400, 38461, 25482, 7
2710, 194500, 35805, 21938, 8
2720, 189900, 35166, 19762, 7
2730, 184600, 35045, 21870, 7
2740, 185000, 35594, 21374, 7
2750, 188600, 32490, 19380, 8
2760, 194500, 34845, 22176, 7
2770, 188100, 37805, 25277, 7
2780, 192100, 37778, 22983, 7
2790, 199000, 36009, 22380, 7
2800, 207400, 36695, 22345, 7
2810, 195200, 37287, 23509, 7
2820, 222700, 37103, 21047, 7
2830, 242700, 40194, 22627, 7
2840, 263900, 37168, 23113, 8
2850, 264600, 38063, 21803, 7
2860, 214400, 36395, 21838, 7
2870, 209400, 39221, 24987, 7
2880, 205100, 40410, 20454, 7
2890, 200400, 39225, 22341, 7
2900, 198700, 42503, 26758, 7
2910, 239200, 39999, 22169, 7
2920, 230400, 35567, 22042, 7
2930, 190400, 40089, 23077, 7
2940, 196500, 40467, 23576, 8
2950, 204600, 37335, 24418, 7
2960, 218000, 38100, 22733, 8
2970, 203400, 37770, 22010, 8
2980, 203900, 37737, 24322, 7
2990, 210500, 44326, 23415, 7
3000, 199900, 40050, 27328, 7
3010, 206000, 43351, 25161, 7
3020, 200200, 39273, 23136, 7
3030, 206800, 37598, 22831, 8
3040, 210400, 39239, 23542, 7
3050, 206400, 41373, 26438, 7
3060, 206900, 38074, 21407, 8
3070, 211200, 44703, 24306, 8
3080, 200800, 39966, 21338, 6
3090, 216300, 41701, 24465, 7
3100, 205200, 40410, 22289, 7
3110, 215600, 41283, 23307, 7
3120, 222800, 43054, 24969, 8
3130, 245700, 43588, 28041, 7
3140, 252800, 38952, 22651, 7
3150, 276600, 41708, 25740, 7
3160, 229800, 45807, 27778, 7
3170, 302300, 40949, 23322, 7
3180, 229300, 42233, 25789, 8
3190, 225200, 41942, 24547, 8
3200, 217800, 41810, 26795, 8
3210, 217100, 42548, 25363, 7
3220, 255800, 40723, 25862, 8
3230, 304000, 44329, 24956, 7
3240, 219600, 43409, 27993, 8
3250, 254900, 46412, 26049, 7
3260, 227300, 45259, 27744, 7
3270, 227100, 50036, 32934, 8
3280, 231900, 46563, 28058, 8
3290, 283100, 43699, 25505, 7
3300, 227000, 42399, 24834, 7
3310, 229500, 43733, 26494, 8
3320, 235200, 45735, 29128, 8
3330, 238900, 42458, 26639, 8
3340, 277100, 41009, 26412, 8
3350, 243700, 48120, 26851, 7
3360, 269400, 49726, 27406, 7
3370, 294400, 44885, 25596, 7
3380, 292200, 53442, 30498, 7
3390, 253100, 42762, 25007, 8
3400, 281300, 47372, 29696, 7
3410, 300800, 43744, 27341, 8
3420, 282100, 43215, 26645, 8
3430, 251500, 44410, 28342, 7
3440, 238900, 43541, 27048, 8
3450, 259200, 44887, 27856, 8
3460, 239200, 44155, 29544, 7
3470, 255900, 45273, 26405, 8
3480, 257200, 52397, 31583, 7
3490, 256600, 50290, 28133, 8
3500, 265500, 46907, 29760, 7
3510, 260800, 53403, 30519, 7
3520, 247400, 46582, 28347, 8
3530, 260400, 50308, 30717, 8
3540, 251100, 48071, 27121, 7
3550, 247800, 44501, 26071, 8
3560, 308600, 46721, 25427, 8
3570, 326600, 50106, 27740, 7
3580, 259200, 49804, 25980, 7
3590, 269800, 47616, 29626, 8
3600, 305200, 46313, 27636, 7
3610, 271300, 46909, 26882, 8
3620, 308600, 52362, 30491, 7
3630, 300300, 49533, 30447, 8
3640, 258800, 48484, 31558, 7
3650, 307500, 57483, 37063, 7
3660, 338300, 51912, 30952, 8
3670, 315400, 51506, 30713, 7
3680, 317300, 47827, 30140, 8
3690, 329800, 48968, 30051, 8
3700, 330700, 48395, 30551, 8
3710, 343800, 50341, 28867, 7
3720, 332400, 52970, 30922, 7
3730, 340000, 56011, 34465, 7
3740, 325500, 52067, 29879, 7
3750, 342900, 50828, 31609, 7
3760, 339100, 50398, 32219, 8
3770, 355500, 52394, 34712, 7
3780, 343900, 51045, 33525, 7
3790, 341700, 52307, 35099, 7
3800, 350700, 48907, 29205, 8
3810, 350400, 51892, 31142, 7
3820, 336700, 50521, 32757, 7
3830, 346700, 51434, 30410, 7
3840, 336400, 52469, 32494, 8
3850, 368100, 50398, 31444, 8
3860, 387800, 53313, 34615, 8
3870, 346900, 53432, 34365, 7
3880, 332600, 50618, 28513, 7
3890, 363300, 58688, 32177, 7
3900, 346300, 51185, 30294, 7
3910, 356300, 50909, 32337, 8
3920, 388900, 52362, 30641, 7
3930, 325900, 54329, 33148, 7
3940, 291500, 55878, 34052, 7
3950, 296700, 61263, 37027, 7
3960, 308600, 53224, 30692, 8
3970, 313200, 53728, 29589, 8
3980, 285100, 51477, 31209, 8
3990, 303300, 55556, 36658, 8
4000, 290000, 51210, 33405, 8
4010, 292000, 56550, 34824, 8
4020, 302000, 53683, 35070, 7
4030, 276800, 58681, 36151, 7
4040, 291500, 54333, 31700, 8
4050, 292500, 57546, 31281, 7
4060, 305200, 57377, 36259, 7
4070, 286700, 60889, 37200, 7
4080, 293700, 51766, 31348, 8
4090, 372000, 54562, 32212, 8
4100, 391100, 54064, 32047, 7
4110, 325800, 56247, 38324, 8
4120, 320100, 54200, 36150, 7
4130, 382900, 61846, 39706, 7
4140, 291300, 55327, 31361, 7
4150, 301100, 65002, 43963, 8
4160, 316000, 59095, 33219, 7
4170, 393900, 54161, 33536, 8
4180, 395200, 61028, 35558, 7
4190, 381000, 57980, 36806, 7
4200, 399400, 58146, 36741, 7
4210, 385400, 60520, 35153, 8
4220, 381900, 58003, 36275, 8
4230, 367700, 59385, 34802, 7
4240, 430900, 59195, 31562, 7
4250, 376700, 57759, 35445, 7
4260, 388200, 56551, 34814, 8
4270, 321800, 56404, 35367, 8
4280, 321600, 58005, 38218, 8
4290, 311400, 58440, 31406, 7
4300, 310000, 54880, 33384, 7
4310, 308000, 60353, 38378, 8
4320, 304000, 61598, 39772, 7
4330, 312000, 58904, 37938, 8
4340, 295100, 62529, 39382, 7
4350, 306500, 59296, 36242, 7
4360, 333400, 61247, 42101, 8
4370, 308100, 59802, 39511, 7
4380, 317600, 60930, 41089, 8
4390, 329300, 62042, 37480, 7
4400, 368300, 64181, 34688, 7
4410, 313800, 62682, 43182, 8
4420, 309400, 59372, 35045, 8
4430, 313000, 61107, 38827, 8
4440, 326200, 59634, 37020, 8
4450, 318300, 60524, 36574, 8
4460, 345400, 69615, 38922, 8
4470, 394200, 64794, 41178, 7
4480, 347900, 60395, 34655, 7
4490, 329200, 62091, 37001, 8
4500, 459000, 62055, 36376, 7
4510, 335600, 63131, 37533, 8
4520, 339600, 62141, 38835, 7
4530, 356700, 64123, 36868, 8
4540, 335900, 63259, 39947, 7
4550, 319900, 62908, 38606, 8
4560, 323600, 62712, 33851, 8
4570, 406800, 70657, 43881, 8
4580, 348000, 62096, 37388, 8
4590, 337700, 62910, 39864, 8
4600, 334700, 63493, 39340, 8
4610, 347300, 61309, 36141, 8
4620, 431800, 61563, 39758, 8
4630, 402000, 63745, 37508, 8
4640, 430800, 66079, 44186, 8
4650, 445500, 64711, 39017, 8
4660, 1299900, 66061, 39948, 8
4670, 1187300, 61836, 36760, 7
4680, 1156200, 62909, 37673, 8
4690, 1059800, 64577, 40000, 8
4700, 1120400, 68319, 41137, 8
4710, 1142400, 69389, 40789, 8
4720, 968100, 64161, 42399, 7
4730, 940800, 66028, 38880, 7
4740, 720200, 68747, 38856, 8
4750, 762100, 64909, 40820, 8
4760, 697400, 63985, 36490, 8
4770, 800100, 68746, 39189, 8
4780, 1016600, 64763, 43270, 7
4790, 729100, 66754, 41650, 7
4800, 725800, 64655, 41892, 7
4810, 755000, 69026, 43246, 8
4820, 657400, 63253, 37737, 8
4830, 737600, 62844, 37890, 8
4840, 649200, 72116, 39777, 8
4850, 618100, 66717, 39662, 8
4860, 753000, 67017, 41122, 8
4870, 723500, 70155, 44732, 7
4880, 599700, 68269, 39447, 8
4890, 564800, 71956, 44400, 7
4900, 591700, 74254, 45721, 7
4910, 599000, 73746, 40120, 7
4920, 553700, 68671, 37237, 7
4930, 559900, 66915, 41701, 8
4940, 571000, 68224, 40835, 8
4950, 548600, 67686, 41033, 8
4960, 555700, 66383, 39856, 8
4970, 604400, 72181, 43797, 7
4980, 490900, 76533, 48764, 7
4990, 472900, 71984, 41915, 8
5000, 484100, 69488, 39075, 7
5010, 385300, 70827, 40759, 8
5020, 359400, 72274, 38623, 7
5030, 368300, 69450, 42735, 8
5040, 360400, 69110, 39088, 8
5050, 369900, 71006, 43798, 8
5060, 385400, 75099, 52920, 7
5070, 365900, 72664, 44112, 8
5080, 373600, 74103, 44792, 7
5090, 458800, 71785, 42453, 8
5100, 385700, 70898, 40236, 8
5110, 378300, 74148, 39255, 8
5120, 495800, 75960, 47027, 8
5130, 475500, 72765, 41986, 8
5140, 410800, 67944, 42234, 9
5150, 376900, 67783, 40706, 8
5160, 372500, 75911, 45015, 8
5170, 386100, 78302, 49290, 7
5180, 412100, 70479, 42259, 8
5190, 372800, 71985, 39671, 7
5200, 373800, 78130, 42405, 8
5210, 381200, 77151, 44231, 8
5220, 384000, 80070, 47771, 8
5230, 361100, 75940, 43161, 8
5240, 417500, 73077, 40629, 8
5250, 374400, 76298, 43349, 8
5260, 376500, 74039, 46337, 8
5270, 380100, 71098, 44190, 8
5280, 382100, 76489, 44616, 8
5290, 428100, 72724, 46551, 8
5300, 432500, 75288, 48161, 8
5310, 402500, 72624, 45036, 7
5320, 486100, 82303, 51626, 8
5330, 462600, 73762, 42991, 8
5340, 392600, 85802, 55858, 7
5350, 382800, 77608, 47105, 8
5360, 692000, 77070, 50458, 8
5370, 524400, 80105, 51489, 7
5380, 493300, 76051, 49459, 8
5390, 508300, 73404, 43293, 8
5400, 489200, 76599, 45279, 8
5410, 436800, 73782, 46303, 8
5420, 503200, 78683, 50452, 8
5430, 407400, 85441, 52462, 7
5440, 423400, 74805, 43202, 8
5450, 510000, 77921, 48051, 8
5460, 458100, 75673, 46655, 8
5470, 513300, 75719, 47904, 8
5480, 399700, 78419, 45059, 8
5490, 455800, 85557, 53226, 8
5500, 474300, 77031, 43456, 8
5510, 423000, 79413, 50172, 8
5520, 440700, 75278, 44879, 9
5530, 521700, 89782, 49034, 7
5540, 419000, 83213, 42651, 9
5550, 470000, 78246, 48528, 7
5560, 505500, 81444, 48524, 8
5570, 437200, 89144, 48632, 8
5580, 411900, 78789, 52478, 8
5590, 418400, 76476, 47753, 8
5600, 405800, 78908, 50100, 8
5610, 411600, 75175, 47535, 8
5620, 429800, 78435, 44984, 8
5630, 464700, 78492, 48742, 8
5640, 560200, 83364, 49184, 8
5650, 548900, 84712, 49175, 8
5660, 570300, 84662, 46942, 8
5670, 612700, 80373, 44835, 8
5680, 580500, 81848, 50315, 8
5690, 429400, 82268, 48100, 8
5700, 408700, 86375, 49116, 7
5710, 406800, 82723, 45131, 8
5720, 413400, 78378, 48574, 8
5730, 519800, 79922, 49415, 8
5740, 462800, 86093, 48817, 8
5750, 418100, 79831, 47388, 8
5760, 421700, 84963, 52345, 8
5770, 534300, 85478, 48050, 8
5780, 525700, 79234, 51471, 8
5790, 466100, 80139, 49156, 8
5800, 523900, 81061, 48123, 8
5810, 435500, 89844, 55888, 8
5820, 436300, 85392, 46404, 8
5830, 603500, 82641, 47975, 8
5840, 467400, 79374, 46771, 8
5850, 492000, 83571, 49191, 8
5860, 492000, 87974, 53296, 7
5870, 513100, 79815, 44553, 9
5880, 428300, 81609, 47328, 8
5890, 443500, 87439, 53917, 8
5900, 450200, 82050, 49511, 9
5910, 467400, 84414, 55272, 9
5920, 433400, 82334, 49742, 8
5930, 427900, 83654, 47707, 9
5940, 571100, 88888, 57687, 8
5950, 604000, 88067, 53545, 8
5960, 463000, 92682, 54483, 8
5970, 437700, 90360, 58037, 8
5980, 428100, 87421, 53699, 7
5990, 436000, 82486, 46770, 8
6000, 576300, 86561, 51088, 8
6010, 504700, 89042, 45541, 8
6020, 439900, 92162, 47894, 8
6030, 451000, 84289, 49632, 9
6040, 600900, 89353, 52461, 8
6050, 577600, 94746, 50868, 8
6060, 596400, 85807, 59207, 8
6070, 561200, 90538, 53283, 7
6080, 578300, 92086, 48550, 8
6090, 585100, 84122, 50409, 9
6100, 462700, 90983, 54036, 7
6110, 463100, 98753, 60573, 8
6120, 441800, 99302, 48974, 7
6130, 458100, 84439, 50745, 8
6140, 463200, 95130, 57947, 8
6150, 442600, 92523, 55256, 8
6160, 446400, 88943, 50017, 8
6170, 448700, 96770, 63203, 8
6180, 460100, 88197, 55961, 9
6190, 519900, 88952, 53683, 8
6200, 475700, 89455, 51319, 9
6210, 518000, 88308, 51318, 8
6220, 633000, 86222, 54492, 8
6230, 478500, 88728, 52309, 8
6240, 556000, 90845, 55476, 8
6250, 607600, 96839, 65570, 8
6260, 470200, 90490, 53942, 8
6270, 450600, 95308, 55152, 7
6280, 544700, 88789, 56191, 8
6290, 449500, 93182, 55382, 8
6300, 463900, 93001, 54376, 9
6310, 581400, 88321, 52534, 9
6320, 618300, 90713, 48134, 8
6330, 612900, 92021, 57380, 8
6340, 610200, 90373, 56037, 8
6350, 599000, 89672, 51721, 9
6360, 615500, 89084, 53866, 8
6370, 582000, 98276, 63124, 8
6380, 480500, 92703, 54766, 8
6390, 549500, 87959, 54127, 8
6400, 480300, 99057, 64337, 8
6410, 488900, 93857, 58641, 9
6420, 523500, 100582, 70084, 7
6430, 588600, 96261, 56898, 8
6440, 504800, 98644, 65309, 8
6450, 496400, 94742, 53788, 8
6460, 574000, 101143, 61847, 8
6470, 524400, 94814, 59302, 8
6480, 542900, 93139, 57614, 8
6490, 488400, 100645, 59535, 8
6500, 497900, 90767, 57013, 8
6510, 484700, 93704, 59209, 8
6520, 469600, 99976, 57077, 8
6530, 484900, 93367, 58088, 8
6540, 472500, 109685, 61776, 7
6550, 466600, 96435, 54085, 8
6560, 469700, 101602, 58254, 8
6570, 477800, 103178, 62641, 7
6580, 561900, 98719, 61583, 8
6590, 621100, 99444, 54347, 8
6600, 517200, 100873, 65696, 8
6610, 656500, 95091, 57486, 8
6620, 557100, 101058, 58735, 8
6630, 617000, 102098, 58386, 7
6640, 604500, 100757, 61969, 8
6650, 641200, 96630, 57724, 8
6660, 617400, 93724, 55770, 8
6670, 585600, 101051, 62234, 9
6680, 633600, 92006, 53922, 7
6690, 524300, 98529, 56787, 7
6700, 494700, 97563, 65050, 8
6710, 659600, 102890, 56698, 8
6720, 505500, 96667, 58731, 8
6730, 624100, 109740, 67866, 9
6740, 534200, 106299, 65970, 8
6750, 599900, 93912, 55124, 8
6760, 619400, 100732, 60759, 8
6770, 632600, 96802, 58286, 8
6780, 632000, 100420, 55595, 8
6790, 612900, 98365, 57667, 8
6800, 512400, 104421, 58958, 8
6810, 530100, 106349, 63895, 8
6820, 513000, 99016, 53856, 8
6830, 532700, 101511, 65643, 8
6840, 548500, 97596, 53837, 8
6850, 495100, 103888, 64040, 8
6860, 502900, 103888, 69792, 8
6870, 512200, 101879, 62874, 8
6880, 509900, 99059, 57949, 8
6890, 632400, 107935, 62028, 8
6900, 554600, 107994, 71421, 7
6910, 552200, 97751, 60510, 8
6920, 531500, 105147, 66338, 8
6930, 539900, 104663, 65389, 8
6940, 509400, 105452, 61706, 8
6950, 545100, 102124, 67911, 8
6960, 510700, 100274, 55055, 8
6970, 552100, 102087, 61780, 8
6980, 670500, 99286, 59078, 8
6990, 607800, 99265, 61075, 8
7000, 614200, 103855, 58030, 8
7010, 628300, 99324, 61285, 8
7020, 683100, 101547, 59464, 9
7030, 635900, 106993, 62177, 8
7040, 524500, 103714, 65468, 8
7050, 508600, 108641, 57817, 8
7060, 575400, 108611, 66572, 8
7070, 594400, 102967, 59659, 7
7080, 520000, 119078, 65159, 8
7090, 580900, 107989, 63738, 8
7100, 654400, 98708, 60883, 9
7110, 684300, 107768, 67628, 8
7120, 703300, 109673, 74634, 8
7130, 702300, 107213, 65709, 9
7140, 691300, 108006, 60049, 9
7150, 682400, 99940, 61143, 9
7160, 696400, 103525, 58889, 8
7170, 714300, 102623, 62712, 8
7180, 624500, 103471, 67056, 8
7190, 693000, 107831, 65059, 8
7200, 667300, 105971, 56706, 8
7210, 716500, 104114, 60193, 8
7220, 715100, 103452, 64882, 9
7230, 717400, 106102, 61236, 8
7240, 713100, 112105, 65330, 8
7250, 723600, 105119, 62998, 8
7260, 697900, 99565, 61296, 9
7270, 712900, 107794, 68388, 8
7280, 663300, 112313, 60703, 8
7290, 668300, 106799, 67319, 9
7300, 640500, 108813, 65269, 8
7310, 600000, 104301, 64197, 9
7320, 675000, 109604, 58525, 8
7330, 594600, 105632, 65821, 9
7340, 610600, 108121, 66775, 7
7350, 680800, 110030, 63899, 8
7360, 694100, 109425, 66543, 8
7370, 711000, 113062, 65594, 9
7380, 723300, 108083, 65430, 8
7390, 705100, 123429, 65477, 8
7400, 681800, 106346, 64054, 9
7410, 888700, 120170, 68811, 8
7420, 708900, 121241, 69238, 8
7430, 711400, 106829, 66195, 10
7440, 720500, 108192, 63613, 9
7450, 900700, 112720, 68848, 8
7460, 745500, 114699, 69487, 8
7470, 697800, 104681, 66829, 9
7480, 707100, 116334, 62172, 9
7490, 723200, 112752, 67720, 8
7500, 705400, 101111, 59445, 8
7510, 725500, 118267, 62533, 8
7520, 746300, 109989, 63172, 8
7530, 745500, 110551, 68720, 9
7540, 739800, 121682, 76965, 8
7550, 723800, 108501, 69842, 9
7560, 859000, 112593, 65903, 9
7570, 708300, 114834, 71447, 8
7580, 708500, 117618, 75979, 8
7590, 728100, 110670, 63296, 9
7600, 853400, 115198, 69035, 8
7610, 726000, 112042, 66907, 8
7620, 728500, 120425, 67271, 9
7630, 714600, 117231, 64546, 8
7640, 703200, 124262, 73728, 8
7650, 681700, 115712, 66798, 8
7660, 695100, 114157, 74317, 8
7670, 746500, 111578, 68498, 8
7680, 692700, 121946, 75673, 8
7690, 699200, 114207, 70425, 9
7700, 751600, 114677, 73573, 8
7710, 742100, 106956, 63982, 9
7720, 726200, 113392, 65472, 9
7730, 735900, 129462, 80235, 8
7740, 689500, 112379, 64110, 8
7750, 787200, 113428, 70106, 8
7760, 777200, 117917, 71380, 8
7770, 781800, 126172, 70425, 8
7780, 645100, 116264, 65529, 8
7790, 714100, 116964, 73655, 8
7800, 727800, 123589, 77716, 8
7810, 786500, 111075, 71912, 9
7820, 789400, 115138, 69235, 9
7830, 756500, 124736, 77185, 8
7840, 660900, 112851, 70852, 8
7850, 683200, 121357, 66317, 8
7860, 573900, 122444, 77781, 8
7870, 744700, 114259, 70750, 8
7880, 637300, 118944, 76070, 8
7890, 593000, 116666, 70176, 8
7900, 599600, 124296, 74198, 8
7910, 573500, 120724, 69196, 8
7920, 619700, 116866, 71896, 8
7930, 650400, 131629, 76929, 8
7940, 628300, 114608, 70013, 8
7950, 610700, 117939, 70642, 9
7960, 662500, 112164, 69992, 8
7970, 676900, 122607, 78968, 8
7980, 678800, 117899, 68990, 8
7990, 679900, 130449, 77121, 8
8000, 632400, 113938, 68469, 8
8010, 667100, 121506, 72938, 8
8020, 625600, 119382, 75160, 8
8030, 653300, 122052, 65596, 8
8040, 587500, 134474, 73040, 7
8050, 693500, 118962, 71212, 8
8060, 693500, 118488, 71252, 8
8070, 596900, 114738, 67443, 8
8080, 597000, 118818, 65875, 8
8090, 619300, 123750, 80583, 8
8100, 679300, 122516, 72517, 9
8110, 724300, 117756, 71887, 8
8120, 624900, 124673, 74057, 9
8130, 633300, 115742, 72878, 9
8140, 836000, 133250, 83734, 8
8150, 778800, 127166, 79859, 8
8160, 638700, 127365, 76695, 8
8170, 614000, 125551, 69299, 8
8180, 637800, 129686, 81880, 8
8190, 621400, 118402, 72829, 8
8200, 646700, 127612, 80450, 8
8210, 625500, 120921, 64926, 10
8220, 628900, 129810, 86048, 8
8230, 612200, 123181, 71992, 8
8240, 607800, 120711, 66518, 8
8250, 601600, 125151, 72670, 8
8260, 616100, 127597, 79409, 8
8270, 668800, 122613, 81664, 8
8280, 665400, 123320, 80711, 8
8290, 613500, 135734, 85326, 9
8300, 608800, 125199, 74709, 8
8310, 633100, 118730, 74463, 9
8320, 617000, 130508, 75741, 8
8330, 625500, 136983, 86947, 8
8340, 646200, 126915, 73879, 9
8350, 627800, 127125, 78444, 8
8360, 633200, 120012, 74575, 9
8370, 647100, 126023, 80916, 8
8380, 715100, 133289, 82162, 8
8390, 808800, 129896, 78745, 10
8400, 948500, 127198, 71894, 8
8410, 697300, 133479, 78124, 9
8420, 727700, 120204, 72438, 8
8430, 652200, 130502, 79279, 8
8440, 641700, 134672, 78613, 8
8450, 719000, 127091, 75928, 9
8460, 647500, 127080, 79425, 8
8470, 664100, 125195, 75305, 8
8480, 812500, 120831, 73409, 8
8490, 842300, 150744, 82900, 8
8500, 848300, 138253, 93380, 8
8510, 865200, 134180, 81681, 8
8520, 821400, 134982, 76192, 8
8530, 771100, 119794, 72595, 9
8540, 796600, 128541, 74426, 8
8550, 819800, 138740, 80650, 9
8560, 806900, 132229, 68427, 9
8570, 831800, 125237, 69111, 9
8580, 834900, 130373, 77775, 8
8590, 821500, 125234, 73351, 8
8600, 808600, 131891, 76659, 8
8610, 842600, 137400, 86192, 8
8620, 831200, 129708, 82070, 8
8630, 828800, 132987, 82432, 8
8640, 680700, 133312, 77438, 9
8650, 624500, 134350, 72433, 8
8660, 657100, 139707, 81058, 8
8670, 736600, 135762, 85984, 8
8680, 816600, 138366, 79355, 8
8690, 717200, 124268, 74861, 9
8700, 751000, 126818, 74105, 9
8710, 669100, 130064, 83314, 8
8720, 647600, 132775, 85206, 8
8730, 707400, 138750, 82631, 8
8740, 664800, 132845, 78948, 8
8750, 644100, 134136, 81336, 8
8760, 660900, 133153, 85453, 8
8770, 670900, 135473, 83773, 8
8780, 776200, 133877, 83622, 8
8790, 804300, 143592, 87131, 8
8800, 782600, 131013, 78725, 8
8810, 712000, 130480, 76612, 8
8820, 688200, 135747, 90284, 9
8830, 663900, 129301, 81763, 8
8840, 648200, 134080, 75454, 9
8850, 683200, 129716, 74579, 9
8860, 931900, 136222, 84549, 8
8870, 676400, 144373, 94148, 8
8880, 821000, 133595, 83743, 8
8890, 730400, 131680, 79861, 8
8900, 843400, 141459, 97766, 8
8910, 829400, 131078, 76956, 8
8920, 882600, 131024, 74022, 8
8930, 878600, 141870, 87084, 9
8940, 766100, 134797, 85144, 8
8950, 677000, 140646, 86122, 8
8960, 765800, 143422, 90450, 8
8970, 785800, 136465, 79969, 8
8980, 689600, 142412, 84071, 8
8990, 676200, 139827, 75642, 9
9000, 668100, 143518, 87898, 8
9010, 688000, 129586, 75869, 8
9020, 686100, 137441, 83199, 8
9030, 682100, 157647, 90933, 8
9040, 685600, 136048, 81011, 8
9050, 668100, 136203, 77863, 8
9060, 680000, 131086, 77936, 8
9070, 669400, 149322, 79126, 8
9080, 690900, 139275, 77008, 8
9090, 722800, 141073, 84669, 9
9100, 746800, 140361, 84408, 8
9110, 909900, 152107, 93444, 8
9120, 799300, 139698, 84865, 9
9130, 929000, 135347, 76558, 8
9140, 739900, 136662, 85757, 8
9150, 783800, 137642, 80540, 8
9160, 967700, 159055, 86577, 8
9170, 923200, 139259, 81714, 8
9180, 872200, 135671, 85854, 8
9190, 817700, 141754, 91050, 9
9200, 696300, 145922, 89109, 9
9210, 703700, 140973, 79603, 8
9220, 688500, 145358, 80790, 8
9230, 710000, 145987, 88235, 8
9240, 736700, 152752, 96164, 8
9250, 873300, 142801, 89760, 9
9260, 826100, 143972, 87237, 8
9270, 698100, 151756, 95277, 7
9280, 766000, 140965, 85173, 8
9290, 890700, 138405, 89012, 9
9300, 833100, 137420, 80582, 9
9310, 818700, 138790, 82063, 8
9320, 1126200, 154322, 90568, 8
9330, 741700, 144561, 86663, 9
9340, 714800, 145997, 87233, 8
9350, 697400, 149904, 93865, 8
9360, 687800, 149842, 86998, 8
9370, 715000, 139845, 90111, 9
9380, 695900, 145401, 93457, 8
9390, 770100, 141395, 84722, 8
9400, 1330300, 148119, 94536, 8
9410, 938700, 150815, 97465, 8
9420, 940400, 151627, 94747, 8
9430, 922700, 142228, 82970, 8
9440, 926900, 138431, 85289, 9
9450, 925200, 145961, 88568, 8
9460, 1259000, 150751, 81663, 8
9470, 935600, 137715, 80964, 9
9480, 831500, 139939, 78595, 9
9490, 768100, 148482, 80544, 8
9500, 805000, 149212, 89759, 8
9510, 781200, 141852, 88270, 9
9520, 746900, 160766, 90558, 8
9530, 1188300, 147399, 86972, 9
9540, 781000, 152006, 96782, 8
9550, 734200, 153084, 102941, 9
9560, 758300, 145318, 92663, 8
9570, 746200, 143425, 91990, 9
9580, 745900, 147724, 91057, 9
9590, 764300, 150016, 89079, 9
9600, 748600, 149466, 84148, 8
9610, 1286600, 143112, 89095, 9
9620, 766800, 147086, 79542, 8
9630, 745600, 144431, 86699, 8
9640, 759600, 149097, 91371, 9
9650, 751000, 148860, 96186, 8
9660, 741000, 150118, 90290, 8
9670, 778900, 143699, 87479, 9
9680, 1237000, 158772, 105865, 8
9690, 824000, 143263, 84921, 9
9700, 776100, 144628, 87311, 9
9710, 833500, 150484, 90563, 8
9720, 755000, 149894, 90264, 9
9730, 778900, 151331, 91997, 9
9740, 788200, 153171, 89617, 8
9750, 1437100, 147706, 90313, 8
9760, 961200, 141241, 86734, 9
9770, 758600, 153590, 87914, 8
9780, 777100, 149831, 90209, 9
9790, 751000, 158115, 90301, 8
9800, 775600, 150744, 89924, 8
9810, 843900, 146177, 86183, 9
9820, 1068000, 154003, 94972, 9
9830, 798800, 163027, 95118, 9
9840, 803100, 146602, 95803, 9
9850, 778500, 158631, 98190, 8
9860, 767500, 156511, 92932, 8
9870, 738200, 150341, 92227, 8
9880, 735500, 149596, 85823, 8
9890, 796200, 154892, 94095, 10
9900, 1201000, 146549, 82715, 9
9910, 871300, 154909, 96877, 8
9920, 782100, 157921, 97305, 8
9930, 767500, 163723, 109694, 8
9940, 781400, 157536, 106459, 8
9950, 776300, 151392, 92761, 8
9960, 786100, 146873, 89642, 9
9970, 1189600, 144137, 81421, 8
9980, 782500, 148836, 85368, 9
9990, 760300, 148689, 84687, 9
10000, 771900, 153041, 97178, 8
